ca-trump-contract	Ambush Ledger	scroll
cb-contract-mult-made	Paid Invoice	receipt
cb-exact-trick-mult	Measuring Spoon	spoon
cb-last-trick-points	Closing Bell	bell
cc-nil-bid-points	Quiet Pledge	signature
cc-nil-hold-twos	Pocket Lint	sock
e-bid4less-pts	Small Wager	piggy-bank
e-consecutive-pts	Footprints	footsteps
e-first-pts	Starting Pistol	flag-chequered
e-hold-rank-j-mult	Jester's Cap	beanie
e-hold-rank-q-mult	Royal Ballroom	dress
e-hold-suit-c-mult	Clover Patch	clover
e-hold-suit-h-mult	Valentine	donate-heart
e-lead-low-mult	Paper Plane	paper-plane
e-lead-rank-10-pts	Ten Pins	bowling-ball
e-lead-rank-a-pts	Opening Gambit	strategy
e-lead-rank-j-pts	Squire's Errand	backpack
e-lead-rank-q-mult	Queen's Banner	flag
e-lead-suit-c-pts	Club House	building-house
e-lead-suit-d-mult	Diamond Cutter	cut
e-lead-suit-s-pts	Spade Work	sapling
e-make8-pts	High Rise	apartment
e-win-rank-10-mult	Perfect Ten	medal
e-win-rank-2-pts	Underdog	dog
e-win-suit-s-mult	Black Flag	skull
n2-ace-lead-mult	First Light	light-bulb
n2-club-lead-mult	Club Parade	megaphone
n2-club-win-mult-u	Cudgel	hand-rock
n2-clubs-untrumpable	Iron Clubs	dumbbell
n2-diamond-win-mult-u	Diamond Mine	treasure-chest
n2-diamonds-untrumpable	Hard Facets	cube
n2-exact-mult-u	Bullseye Bonus	crosshair
n2-free-clubs	Loose Clubs	golf-ball
n2-free-hearts	Open Heart	medical-kit
n2-free-tens	Spare Ten	wallet
n2-free-twos	Penny Toss	ball-throw
n2-jack-hold-mult-u	Knave's Hoard	safe
n2-jacks-untrumpable	Steadfast Knave	chess-knight
n2-king-hold-mult-u	King's Treasury	bank
n2-king-win-mult-u	Royal Decree	stamp
n2-kings-untrumpable-c	Castle Wall	castle
n2-last-trick-x	Final Word	microphone
n2-queens-untrumpable	Queen's Guard	sword
n2-two-win-x-u	Giant Slayer	bow
r1-first-trick-points	Head Start	running
r1-middle-free	Middle Ground	split
r2-last-trick-grow	Night Watch	moon
rc-nil-contract-mult	Silent Partner	incognito
rc-nil-grow-x	Vanishing Act	ufo
rc-two-hold-x	Twin Sparks	sparkles
ua-ace-win-contract	Ace Ledger	calculator
ua-diamond-led-win-mult	Diamond Escort	car
ua-spade-last-x	Last Shovel	spanner
ua-spade-led-win-mult	Spade Trail	road
ua-trump-contract-mult	Trump Card	tag
ub-bid8-xmult	Grand Promise	rocket
ub-consecutive-xmult	Chain Reaction	explosion
ub-outbid-mult	Raised Paddle	table-tennis
ub-trick-xmult	Snowball	beach-ball
uc-exact-contract-points	Exact Change	currency-note
uc-low-hold-mult	Small Change	coffee-beans
uc-low-lead-nil	Low Profile	glasses
uc-nil-contract-mult	Zero Sum	circle
uc-small-bid-x	Modest Goal	football
